{
    "configs": [
        {
            "light1": {
                "position": {
                    "x": -0.21739130434782616,
                    "y": -4.130434782608695,
                    "z": 4.3478260869565215
                },
                "intensity": 1,
                "color": {
                    "r": 0.8313725490196079,
                    "g": 0.2196078431372549,
                    "b": 1
                }
            },
            "light2": {
                "position": {
                    "x": 1.9565217391304337,
                    "y": 1.0869565217391308,
                    "z": -3.2608695652173916
                },
                "intensity": 1.25,
                "color": {
                    "r": 0,
                    "g": 0.30980392156862746,
                    "b": 1
                }
            },
            "light3": {
                "position": {
                    "x": 0,
                    "y": 1,
                    "z": 3
                },
                "intensity": 0.1,
                "color": {
                    "r": 1,
                    "g": 1,
                    "b": 1
                }
            }
        },
        {
            "light1": {
                "position": {
                    "x": -7.4,
                    "y": 10,
                    "z": 0
                },
                "intensity": 1,
                "color": {
                    "r": 1,
                    "g": 0.2235294117647059,
                    "b": 0.2235294117647059
                }
            },
            "light2": {
                "position": {
                    "x": 7.4,
                    "y": 10,
                    "z": 0
                },
                "intensity": 0.4,
                "color": {
                    "r": 0.5882352941176471,
                    "g": 0.9372549019607843,
                    "b": 0.3803921568627451
                }
            },
            "light3": {
                "position": {
                    "x": 0,
                    "y": 1,
                    "z": 3
                },
                "intensity": 0.1,
                "color": {
                    "r": 1,
                    "g": 1,
                    "b": 1
                }
            }
        },
        {
            "light1": {
                "position": {
                    "x": -0.21739130434782616,
                    "y": -4.130434782608695,
                    "z": 4.3478260869565215
                },
                "intensity": 0.7608695652173914,
                "color": {
                    "r": 0.8352941176470589,
                    "g": 0.6431372549019608,
                    "b": 0
                }
            },
            "light2": {
                "position": {
                    "x": 1.9565217391304337,
                    "y": 1.0869565217391308,
                    "z": -3.2608695652173916
                },
                "intensity": 5,
                "color": {
                    "r": 1,
                    "g": 0.5647058823529412,
                    "b": 0
                }
            },
            "light3": {
                "position": {
                    "x": -6.739130434782608,
                    "y": 4.565217391304348,
                    "z": 5.6521739130434785
                },
                "intensity": 0.43478260869565216,
                "color": {
                    "r": 0.8862745098039215,
                    "g": 0.41568627450980394,
                    "b": 0.41568627450980394
                }
            }
        },
        {
            "light1": {
                "position": {
                    "x": -8.478260869565217,
                    "y": 10,
                    "z": 2.1739130434782616
                },
                "intensity": 0.2717391304347826,
                "color": {
                    "r": 0.5803921568627451,
                    "g": 1,
                    "b": 0.6235294117647059
                }
            },
            "light2": {
                "position": {
                    "x": 5.217391304347828,
                    "y": 5.6521739130434785,
                    "z": -1.5217391304347831
                },
                "intensity": 0.32608695652173914,
                "color": {
                    "r": 0.1803921568627451,
                    "g": 0.4588235294117647,
                    "b": 0.011764705882352941
                }
            },
            "light3": {
                "position": {
                    "x": 1.7391304347826093,
                    "y": 1.3043478260869552,
                    "z": 1.7391304347826093
                },
                "intensity": 0,
                "color": {
                    "r": 1,
                    "g": 1,
                    "b": 1
                }
            }
        },
        {
            "light1": {
                "position": {
                    "x": -7.826086956521739,
                    "y": 10,
                    "z": 10
                },
                "intensity": 0.5978260869565217,
                "color": {
                    "r": 0.9490196078431372,
                    "g": 0.2196078431372549,
                    "b": 0.2196078431372549
                }
            },
            "light2": {
                "position": {
                    "x": -4.130434782608695,
                    "y": -4.130434782608695,
                    "z": -5.869565217391305
                },
                "intensity": 0,
                "color": {
                    "r": 1,
                    "g": 1,
                    "b": 1
                }
            },
            "light3": {
                "position": {
                    "x": 2.8260869565217384,
                    "y": 2.608695652173914,
                    "z": 0.8695652173913047
                },
                "intensity": 0,
                "color": {
                    "r": 1,
                    "g": 1,
                    "b": 1
                }
            }
        },
        {
            "light1": {
                "position": {
                    "x": -7.826086956521739,
                    "y": 10,
                    "z": 10
                },
                "intensity": 0.32608695652173914,
                "color": {
                    "r": 0.2549019607843137,
                    "g": 0.2627450980392157,
                    "b": 0.5843137254901961
                }
            },
            "light2": {
                "position": {
                    "x": 2.608695652173914,
                    "y": -3.478260869565217,
                    "z": -4.347826086956522
                },
                "intensity": 2.826086956521739,
                "color": {
                    "r": 0,
                    "g": 0.011764705882352941,
                    "b": 0.5098039215686274
                }
            },
            "light3": {
                "position": {
                    "x": -3.2608695652173916,
                    "y": -3.0434782608695654,
                    "z": -1.7391304347826093
                },
                "intensity": 0,
                "color": {
                    "r": 1,
                    "g": 1,
                    "b": 1
                }
            }
        },
        {
            "light1": {
                "position": {
                    "x": -7.826086956521739,
                    "y": 10,
                    "z": 10
                },
                "intensity": 0.7065217391304347,
                "color": {
                    "r": 1,
                    "g": 1,
                    "b": 1
                }
            },
            "light2": {
                "position": {
                    "x": -8.91304347826087,
                    "y": -8.695652173913043,
                    "z": -8.478260869565217
                },
                "intensity": 0,